{
  "imu": {
    "orientation": [
      -0.021516256034374237,
      0.0001726334885461256,
      0.005583299323916435,
      0.9997528791427612
    ],
    "linear_acceleration": [
      -0.10624894499778748,
      -9.793412208557129,
      -0.42882001399993896
    ],
    "angular_velocity": [
      -0.05784548819065094,
      -0.07003933191299438,
      -0.028927505016326904
    ],
    "timestamp_ns": 1602491071886773723
  },
  "mag": {
    "magnet_field": [
      0.0625,
      1.375,
      0.0625
    ],
    "timestamp_ns": 1602491071879791218
  },
  "temp": {
    "temperature": [
      33.65999984741211,
      32.66999816894531,
      31.92999839782715,
      32.119998931884766
    ],
    "temperature_ave": 32.594998836517334
  },
  "baro": {
    "pressure": 1011.1799926757812,
    "timestamp_ns": 1602491071856849841
  }
}