{
  "imu": {
    "orientation": [
      -0.010006788186728954,
      0.010332082398235798,
      0.9898576140403748,
      0.1413329690694809
    ],
    "linear_acceleration": [
      -0.23199521005153656,
      0.174098938703537,
      9.827217102050781
    ],
    "angular_velocity": [
      -0.033507246524095535,
      -0.0091174291446805,
      0.09027384966611862
    ],
    "timestamp_ns": 1606896329175445661
  },
  "mag": {
    "magnet_field": [
      0.0625,
      -0.0625,
      1.0
    ],
    "timestamp_ns": 1606896329167975661
  },
  "temp": {
    "temperature": [
      32.38999938964844,
      32.11000061035156,
      31.42999839782715,
      31.67999839782715
    ],
    "temperature_ave": 31.902499198913574
  },
  "baro": {
    "pressure": 1025.97998046875,
    "timestamp_ns": 1606896329172955661
  }
}