{
  "imu": {
    "orientation": [
      0.004887388087809086,
      0.013808521442115307,
      0.16641129553318024,
      0.9859476089477539
    ],
    "linear_acceleration": [
      -0.25043755769729614,
      0.13921502232551575,
      9.79981803894043
    ],
    "angular_velocity": [
      -0.07043831795454025,
      -0.12729185819625854,
      0.07211938500404358
    ],
    "timestamp_ns": 1606896327751188165
  },
  "mag": {
    "magnet_field": [
      -1.625,
      -1.1875,
      0.9375
    ],
    "timestamp_ns": 1606896327751188165
  },
  "temp": {
    "temperature": [
      31.829999923706055,
      31.939998626708984,
      31.309999465942383,
      31.369998931884766
    ],
    "temperature_ave": 31.612499237060547
  },
  "baro": {
    "pressure": 1022.9599609375,
    "timestamp_ns": 1606896327743763165
  }
}