{
  "imu": {
    "orientation": [
      -0.021574698388576508,
      0.0,
      0.00578128919005394,
      0.999750554561615
    ],
    "linear_acceleration": [
      -0.1137785017490387,
      -9.80162525177002,
      -0.4217831790447235
    ],
    "angular_velocity": [
      -0.1380450278520584,
      -0.08903200924396515,
      -0.05247112736105919
    ],
    "timestamp_ns": 1602490586072381109
  },
  "mag": {
    "magnet_field": [
      0.0625,
      1.375,
      0.0
    ],
    "timestamp_ns": 1602490586058358647
  },
  "temp": {
    "temperature": [
      36.349998474121094,
      35.47999954223633,
      34.80999755859375,
      34.93000030517578
    ],
    "temperature_ave": 35.39249897003174
  },
  "baro": {
    "pressure": 1011.2799682617188,
    "timestamp_ns": 1602490586060352847
  }
}