{
  "imu": {
    "orientation": [
      0.007316076196730137,
      0.010579348541796207,
      -0.13605786859989166,
      0.9906173944473267
    ],
    "linear_acceleration": [
      -0.22886501252651215,
      0.11604461818933487,
      9.789566040039062
    ],
    "angular_velocity": [
      -0.09924598783254623,
      0.06362298130989075,
      -0.016269797459244728
    ],
    "timestamp_ns": 1606896375025674924
  },
  "mag": {
    "magnet_field": [
      -0.125,
      -1.0,
      0.6875
    ],
    "timestamp_ns": 1606896375015704924
  },
  "temp": {
    "temperature": [
      33.39999771118164,
      33.130001068115234,
      32.30999755859375,
      32.43000030517578
    ],
    "temperature_ave": 32.8174991607666
  },
  "baro": {
    "pressure": 1022.3800048828125,
    "timestamp_ns": 1606896375008227424
  }
}