{
  "imu": {
    "orientation": [
      -0.021465986967086792,
      0.0001220703125,
      0.00547686405479908,
      0.9997545480728149
    ],
    "linear_acceleration": [
      -0.11351120471954346,
      -9.782896041870117,
      -0.42038094997406006
    ],
    "angular_velocity": [
      -0.061078526079654694,
      -0.21977204084396362,
      0.019190780818462372
    ],
    "timestamp_ns": 1602490883775434775
  },
  "mag": {
    "magnet_field": [
      0.0,
      1.3125,
      0.0625
    ],
    "timestamp_ns": 1602490883775434775
  },
  "temp": {
    "temperature": [
      34.06999969482422,
      33.07999801635742,
      32.30999755859375,
      32.55999755859375
    ],
    "temperature_ave": 33.004998207092285
  },
  "baro": {
    "pressure": 1011.219970703125,
    "timestamp_ns": 1602490883737438960
  }
}