{
  "imu": {
    "orientation": [
      -0.021355677396059036,
      0.0001220703125,
      0.005732107907533646,
      0.9997554421424866
    ],
    "linear_acceleration": [
      -0.11591964960098267,
      -9.795310974121094,
      -0.41267672181129456
    ],
    "angular_velocity": [
      0.12224102765321732,
      -0.08438654989004135,
      -0.1237197294831276
    ],
    "timestamp_ns": 1602490958768998836
  },
  "mag": {
    "magnet_field": [
      0.0625,
      1.4375,
      0.0625
    ],
    "timestamp_ns": 1602490958765999369
  },
  "temp": {
    "temperature": [
      33.869998931884766,
      32.88999938964844,
      32.119998931884766,
      32.369998931884766
    ],
    "temperature_ave": 32.812499046325684
  },
  "baro": {
    "pressure": 1011.1799926757812,
    "timestamp_ns": 1602490958736016264
  }
}