{
  "imu": {
    "orientation": [
      0.005067021120339632,
      0.013612892478704453,
      0.166519433259964,
      0.9859311580657959
    ],
    "linear_acceleration": [
      -0.24805288016796112,
      0.1416243463754654,
      9.778275489807129
    ],
    "angular_velocity": [
      -0.07300008833408356,
      0.14169654250144958,
      -0.02174246683716774
    ],
    "timestamp_ns": 1606896308542049155
  },
  "mag": {
    "magnet_field": [
      -1.6875,
      -1.1875,
      0.9375
    ],
    "timestamp_ns": 1606896308529686655
  },
  "temp": {
    "temperature": [
      31.829999923706055,
      31.939998626708984,
      31.309999465942383,
      31.369998931884766
    ],
    "temperature_ave": 31.612499237060547
  },
  "baro": {
    "pressure": 1022.949951171875,
    "timestamp_ns": 1606896308514851655
  }
}