{
  "imu": {
    "orientation": [
      -0.01975918374955654,
      0.0001220703125,
      0.010261896066367626,
      0.9997521042823792
    ],
    "linear_acceleration": [
      -0.19962678849697113,
      -9.798211097717285,
      -0.3858186602592468
    ],
    "angular_velocity": [
      0.032275907695293427,
      0.08561787009239197,
      0.06161181628704071
    ],
    "timestamp_ns": 1602550391095144074
  },
  "mag": {
    "magnet_field": [
      -1.875,
      -1.75,
      -0.625
    ],
    "timestamp_ns": 1602550391078203295
  },
  "temp": {
    "temperature": [
      33.64999771118164,
      33.77000045776367,
      33.18000030517578,
      33.43000030517578
    ],
    "temperature_ave": 33.50749969482422
  },
  "baro": {
    "pressure": 1013.9199829101562,
    "timestamp_ns": 1602550391068152915
  }
}