{
  "imu": {
    "orientation": [
      -0.01144860778003931,
      0.0,
      0.004925351589918137,
      0.9999223351478577
    ],
    "linear_acceleration": [
      -0.09793439507484436,
      -9.810697555541992,
      -0.23019720613956451
    ],
    "angular_velocity": [
      0.19663363695144653,
      0.04328823462128639,
      0.3002137541770935
    ],
    "timestamp_ns": 1602552567525526608
  },
  "mag": {
    "magnet_field": [
      0.625,
      0.625,
      0.4375
    ],
    "timestamp_ns": 1602552567515564643
  },
  "temp": {
    "temperature": [
      34.369998931884766,
      33.31999969482422,
      32.55999755859375,
      32.75
    ],
    "temperature_ave": 33.249999046325684
  },
  "baro": {
    "pressure": 1013.72998046875,
    "timestamp_ns": 1602552567492532684
  }
}