{
  "imu": {
    "orientation": [
      0.005043439567089081,
      0.013648421503603458,
      0.1663871705532074,
      0.985953152179718
    ],
    "linear_acceleration": [
      -0.23597300052642822,
      0.134527325630188,
      9.802236557006836
    ],
    "angular_velocity": [
      -0.045832134783267975,
      -0.035575706511735916,
      0.04103049263358116
    ],
    "timestamp_ns": 1606896354701463165
  },
  "mag": {
    "magnet_field": [
      -1.6875,
      -1.1875,
      1.0
    ],
    "timestamp_ns": 1606896354698988165
  },
  "temp": {
    "temperature": [
      31.809999465942383,
      31.92999839782715,
      31.309999465942383,
      31.309999465942383
    ],
    "temperature_ave": 31.589999198913574
  },
  "baro": {
    "pressure": 1023.0099487304688,
    "timestamp_ns": 1606896354666813165
  }
}